5,22m2,,2013 - 2017,Bilbo,['Pop-rocka'],https://www.badok.eus/euskal-musika/22-m-2
9,4nek,,2014,,['Pop-rocka'],https://www.badok.eus/euskal-musika/4nek
13,A Tuti Plain,,2016,Soraluze (Gipuzkoa),['Rocka'],https://www.badok.eus/euskal-musika/a-tuti-plain
14,A.Maiah,,1976,Gasteiz,['Esperimentala'],https://www.badok.eus/euskal-musika/a-maiah
17,Aberri Txarrak,,2014,,['Punk-rocka'],https://www.badok.eus/euskal-musika/aberri-txarrak
19,Adarrots,,2004,,['Folka'],https://www.badok.eus/euskal-musika/adarrots
31,Agirreak,,2019,,['[]'],https://www.badok.eus/euskal-musika/agirreak
33,Agurtzane eta Ion Elustondo,,,Legazpi (Gipuzkoa),"['Folka', 'Trikitia', 'Triki-popa']",https://www.badok.eus/euskal-musika/elustondo
35,Ahaztu Antzean,,1983,Eibar (Gipuzkoa),['Punka'],https://www.badok.eus/euskal-musika/ahaztu-antzean
36,Aho Zakil Konekxion,"Aho Zakil Konekxion Zugarramurdin muntatu den punk taldea da. 2019an sortu zen hirukotea, Zugarramurdiko Olivier Harotzarene (aita) gitarran, Senpereko Arno Harotzarene (semea) baterian eta Mattin Oronoz saratarra ahotsean. Taldea sortu zen Sarako Gaztexearen 30 urteentzat joko zutela apustua eginez! Horren ondotik, Azkainetik etorria den Mikel Inda sartu zen taldean, baterian, eta Arnok baxua hartu zuen.",2019,Zugarramurdi (Nafarroa),['Punka'],https://www.badok.eus/euskal-musika/aho-zakil-konekxion
37,Ahuntzape,,,Mendillorri (Nafarroa),['Ska-rocka'],https://www.badok.eus/euskal-musika/ahuntzape
41,Aingeru Gorrotxategi,,1977,Donostia,['Pop-rocka'],https://www.badok.eus/euskal-musika/aingeru
43,Aintzina,,2009,,['Folka'],https://www.badok.eus/euskal-musika/aintzina
45,Aitona Zittalak Band,,2018,Gasteiz,"['Folk-rocka', 'Rocka']",https://www.badok.eus/euskal-musika/aitona-zittalak-band
49,Aitor Regueiro,,1996,,['Kantautorea'],https://www.badok.eus/euskal-musika/aitor-regueiro
50,Aitor Rubio,,1970,Zornotza (Bizkaia),['Kantautorea'],https://www.badok.eus/euskal-musika/aitor-rubio
52,Aixita  Pop Foundation,,,Irurtzun (Nafarroa),['Rocka'],https://www.badok.eus/euskal-musika/aixita-pop-foundation
55,Akaleia,,,,['Rocka'],https://www.badok.eus/euskal-musika/akaleia
59,Aker Odol,,,Hondarribia (Gipuzkoa),"['Metala', 'Thrasha']",https://www.badok.eus/euskal-musika/aker-odol
63,Alarma Morea,,2019,Urretxu-Zumarraga (Gipuzkoa),"['Popa', 'Runba']",https://www.badok.eus/euskal-musika/alarma-morea
65,Alberto Lizarralde,,,,['Esperimentala'],https://www.badok.eus/euskal-musika/alberto-lizarralde
67,Albosax,"Lau albokari, lau saxofoil jole eta erritmika sekzio baten ezohiko ezkontza da Albosax. Emaitza da soinu bat zeharo originala, paregabea. Musika tradizionala estilo ezberdin batzuekin nahasiz, albokak entzuten dira testuinguru berri, aberats eta bikain batean.",,Baiona,['Folka'],https://www.badok.eus/euskal-musika/albosax
68,Algoritmötik At,Zizurko punk-rock hirukote bat da Algoritmötik At.,2019,,"['Post-hardcorea', 'Punk-rocka']",https://www.badok.eus/euskal-musika/algoritmotik-at
88,Ander Erzilla,,,Durango (Bizkaia),['Jazza'],https://www.badok.eus/euskal-musika/ander-erzilla
90,Ander Unzaga,,1980,Leioa (Bizkaia),['Jazza'],https://www.badok.eus/euskal-musika/ander-unzaga
91,Andoni Arcilla Group,,1983,Iruñea,['Jazza'],https://www.badok.eus/euskal-musika/andoni-arcilla-group
92,Andoni Olaetxea eta Telmo Trenor,,2022,Donostia,['Elektronikoa'],https://www.badok.eus/euskal-musika/andoni-olaetxea-eta-telmo-trenor
97,"Angel Azkarraga ""Matxitxa""","Angel Azkarraga aitzindaria izan izen Euskal Herrian manager lanean. Bere ibilbide profesionala Itoiz taldeari estu lotuta egon bazen ere, Errobi, Ruper Ordorika, Hertzainak, Negu Gorriak, Su Ta Gar eta beste hainbat talde ordezkatu zituen Azkarragak berak sortutako Matxitxa kontratazio agentziaren bidez.",1956,Mutriku (Gipuzkoa),['[]'],https://www.badok.eus/euskal-musika/angel-azkarraga-matxitxa
107,Anonyme Popular,,2022,,"['Elektronikoa', 'Bertsoa']",https://www.badok.eus/euskal-musika/anonyme-popular
108,Ansorena & Senperena,"Joserra Senperena eta Piter Ansorena aspalditik aritu dira elkarrekin lan musikaletan. Euskal Telebistako ‘Funtzioa’ programan hasi ziren eta harrezkero bestelako egokiera desberdin ugarietan: telebista programak, pailazo hirukotearen diskoetan, zuzeneko saioetan 
 Hala ere, ez zuten inoiz Piter Ansorenaren lanbide eta zaletasun handiena den txistu-danbolinaren alorrean ezer egin.",,,['Folka'],https://www.badok.eus/euskal-musika/ansorena-senperena
109,Anticontinente,,2015,Iruñea,['Popa'],https://www.badok.eus/euskal-musika/anticontinente
110,Antihumano,,2014,Oñati (Gipuzkoa),"['Hardcorea', 'Punka']",https://www.badok.eus/euskal-musika/antihumano
116,Apalatxe,"Aritz Irastortza da Apalatxe. 2014an hasi zen kontzertuak ematen, bakarka zein taldeaz lagunduta. Bi disko grabatu ditu, euskaraz eta gaztelaniaz abesturiko kantuez osatuak.",1986,Astigarraga (Gipuzkoa),['Kantautorea'],https://www.badok.eus/euskal-musika/apalatxe
120,Arekan,,,Iruñerria,['Ska-rocka'],https://www.badok.eus/euskal-musika/arekan
121,Arene 6,,,Getxo (Bizkaia),['Punk-Oi!'],https://www.badok.eus/euskal-musika/arene-6
123,Argazki bat behelainoan,"Arkaitz Artola Arnaiz donostiarraren proiektua da Argazki Bat Behelainoan musika taldea. Aspaldi sorturiko sehaska kantuetan oinarrituta, ‘Lo’ izeneko lan berria aurkeztu du. Iraupen laburrekoa da, zortzi abesti ditu, eta egilearen hitzetan, “bilduma minimalista eta sedatzailea” da.",,Donostia,['[]'],https://www.badok.eus/euskal-musika/argazki-bat-behelainoan
128,Aritzak,,,,"['Herri', 'kanta']",https://www.badok.eus/euskal-musika/aritzak
130,Arkaiko,,2014,Donostia,['Punk-rocka'],https://www.badok.eus/euskal-musika/arkaiko
135,Arrutiko Intxaurrak,,,Zarautz (Gipuzkoa),['[]'],https://www.badok.eus/euskal-musika/arrutiko-intxaurrak
136,Arthur's Toys,,,Tolosa (Gipuzkoa),['Popa'],https://www.badok.eus/euskal-musika/arthurs-toys
137,Artze anaiak,,,Usurbil (Gipuzkoa),"['Folka', 'Herri', 'kanta', 'Esperimentala']",https://www.badok.eus/euskal-musika/artze-anaiak
139,Asier LI,Asier Lopez Iraola abeslari eta pianistaren izen artistikoa da Asier LI.,1979,Beasain (Gipuzkoa),['Esperimentala'],https://www.badok.eus/euskal-musika/asier-l-i
141,Askapen Sound Sistema,,1982,Gasteiz,['Rapa'],https://www.badok.eus/euskal-musika/askapen-sound-sistema
142,Askoren artean,"Orrialde honetan, kantu argitaragabeen bildumak, inoren omenez osatutako diskoak, hainbat egileren artean ondutako lanak eta beste aurkituko dituzu.",,,['[]'],https://www.badok.eus/euskal-musika/askoren-artean
146,Atanas Akerstra,,1971,Azkoitia (Gipuzkoa),"['Bluesa', 'Esperimentala']",https://www.badok.eus/euskal-musika/atanas-akerstra
152,Aukera Okerra,,2016,,['Punk-Oi!'],https://www.badok.eus/euskal-musika/aukera-okerra
153,Auritz,,,Bilbo,['Metala'],https://www.badok.eus/euskal-musika/auritz
154,Aurrez Aurre,,,Beasain (Gipuzkoa),['Punk-Oi!'],https://www.badok.eus/euskal-musika/aurrez-aurre
156,"Axeri, Fane, Eli, FEZE",,,,['[]'],https://www.badok.eus/euskal-musika/axeri-fane-eli-feze
157,Axular DJ,,1982,Mutriku (Gipuzkoa),['Elektronikoa'],https://www.badok.eus/euskal-musika/axular-dj
158,AyVee,Andrea Vitoria tolosarraren musika proiektua da AyVee.,2019,,['Reggaetona'],https://www.badok.eus/euskal-musika/ayvee
162,Azken Sustraiak,,2017,Beasain (Gipuzkoa),"['Punk-rocka', 'Punk-Oi!']",https://www.badok.eus/euskal-musika/azken-sustraiak
164,Babilbon,Babilonia Bilbon ere badagoelako sortzen dute Babilbon kolektiboa Bilboko eskarmentu handiko zenbait musikarik.,2022,,['Reggaea'],https://www.badok.eus/euskal-musika/babilbon
166,Baizera!,,,Nafarroa,['Funka'],https://www.badok.eus/euskal-musika/baizera
167,Bake Faltsua,,2017,Ordizia (Gipuzkoa),['Punk-rocka'],https://www.badok.eus/euskal-musika/bake-faltsua
171,Baloreak,,2018,,['[]'],https://www.badok.eus/euskal-musika/baloreak
172,BAMMS,,,Hernani (Gipuzkoa),"['Punk-rocka', 'Rock&rolla']",https://www.badok.eus/euskal-musika/bamms
176,Bap!!,,1983 - 1996,Andoain (Gipuzkoa),['Hardcorea'],https://www.badok.eus/euskal-musika/bap
177,Barne Guda,,,Bergara (Gipuzkoa),['Punk-Oi!'],https://www.badok.eus/euskal-musika/barne-guda
178,Barrakos,,,,['[]'],https://www.badok.eus/euskal-musika/barrakos
179,Bas(h)oan,,2017,"Bera, Baiona","['Folka', 'Herri', 'kanta', 'Rocka']",https://www.badok.eus/euskal-musika/bashoan
182,Bat Gehio,,,Bartzelona,"['Folka', 'Popa', 'Flamenkoa']",https://www.badok.eus/euskal-musika/bat-gehio
183,Bazka,,2021,,"['Punk-rocka', 'Rocka']",https://www.badok.eus/euskal-musika/bazka
187,Beietz!,"Biolin, txirula eta eskusoinuak sortutako melodia zelta itsaskor eta biziek osatzen dute Beietz!-en bizkar hezurra. Horri rock, punk, pop, ska edo folka gehituz dator Beietz!-en zeltik-parranda. Hitzetan, poesia iradokitzaileak, leun bezain zorrotzak, gure munduari begiratzen diotenak, eta sarritan bi aldiz irakurri beharrekoak. Skalariak eta Ortzi taldeetan aritutakoak dira Beietz!-eko kideak.",2018,Arbizu (Nafarroa),['Folk-rocka'],https://www.badok.eus/euskal-musika/beietz
193,Belaya Gora,Igor Lez Atxagak eta Alex Aranak osatzen dute Belaya Gora.,2017,Mutriku (Gipuzkoa),['Pop-rocka'],https://www.badok.eus/euskal-musika/belaya-gora
196,Beñaranks,,1993,Donostia,"['Rapa', 'Reggaea']",https://www.badok.eus/euskal-musika/benaranks
218,Bilaka,,2016,Baiona,"['Folka', 'Post-rocka', 'Progresiboa']",https://www.badok.eus/euskal-musika/bilaka
219,Bilau,,,Ainhize-Monjolose (Nafarroa Beherea),"['Folka', 'Progresiboa']",https://www.badok.eus/euskal-musika/bilau
220,Bilbomatiks,,,Bilbo,"['Reggaea', 'Ska']",https://www.badok.eus/euskal-musika/bilbomatiks
221,Billy Club,,2019,Legazpi (Gipuzkoa),"['Rocka', 'Rock&rolla']",https://www.badok.eus/euskal-musika/billy-club
226,Biruss,,,,['Punka'],https://www.badok.eus/euskal-musika/biruss
235,Blanquita Carraquela,,2020,Donostia,['[]'],https://www.badok.eus/euskal-musika/blanquita-carraquela
238,Bob Xatar,,2009,Ziburu (Lapurdi),['Rocka'],https://www.badok.eus/euskal-musika/bob-xatar
239,Bolbora,,2009,,"['Reggaea', 'Ska-rocka']",https://www.badok.eus/euskal-musika/bolbora
240,Bonberenea Txaranga,,2005,Tolosa (Gipuzkoa),['[]'],https://www.badok.eus/euskal-musika/bonberenea-txaranga
242,Borrokan,"Ia hogei urte daramatzate elkarrekin jotzen Berako (Nafarroa) talde honetako kideek, baina bi hamarkada hauetan hiru disko baino ez dituzte argitaratu. Batetik, gauzak patxadaz egitea maite dutelako, euren erritmora, denbora osoa taldeari eskaini gabe; bestetik, taldearen musikak, rocka izanagatik, egitura bihurri eta konplexuak eta ñabardura ugari gordetzen dituelako. Taldekideetako batzuk beste proiektu batzuetan egon dira, Onddo, Petti eta Etxeko Uzta eta On Benito, kasu.",1996,Bera (Nafarroa),['Post-hardcorea'],https://www.badok.eus/euskal-musika/borrokan
243,Bostenbor,,,,['[]'],https://www.badok.eus/euskal-musika/bostenbor
249,Broken Legacy,,2016,Oñati (Gipuzkoa),['Metala'],https://www.badok.eus/euskal-musika/broken-legacy
254,Bullets of Misery,,2008,Gernika (Bizkaia),['Metala'],https://www.badok.eus/euskal-musika/bullets-of-misery
256,Burrundaria,,1989,Donostia,['Soinu-banda'],https://www.badok.eus/euskal-musika/burrundaria
258,Burun Danga,,,Donostia,['[]'],https://www.badok.eus/euskal-musika/burun-danga
259,Burutik,"Eskusoinua ideia berritzaileetan egokitzea, eta ideia berritzaileei eskusoinua gehitzea, horra Iruñeko Burutik boskotearen asmoetako bat.",2019,,['Rocka'],https://www.badok.eus/euskal-musika/burutik
263,Carcascara,"Fernando Agirrek, Xabier Iriondok eta Iñigo Ugarteburuk sortu zuten Carcascara proiektua, Cafe Teatro taldean zebiltzala. 2007an argitaratu zuten lehen LPa, eta 2022an bigarrena.",2007,,['Esperimentala'],https://www.badok.eus/euskal-musika/carcascara
264,Catch & Soul,,2020,Santurtzi (Bizkaia),"['Jazza', 'Soula', 'Funka']",https://www.badok.eus/euskal-musika/catch-soul
266,Ciervoworld,,,,['[]'],https://www.badok.eus/euskal-musika/ciervoworld
268,Conflict Noise,,1999,Bilbo,['Metala'],https://www.badok.eus/euskal-musika/conflict-noise
271,D-Rais,,2008,Bilbo,"['Punk-rocka', 'Ska']",https://www.badok.eus/euskal-musika/d-rais
274,Damudot,,2001 - 2015,Mallabia (Bizkaia),"['Metala', 'Thrasha']",https://www.badok.eus/euskal-musika/damudot
275,Danajan,,2020,Donostia,['Rocka'],https://www.badok.eus/euskal-musika/danajan
280,Debekatua,,1994,Irun (Gipuzkoa),['Rap-metala'],https://www.badok.eus/euskal-musika/debekatua
287,Des-kontrol,,1996,,['Punk-Oi!'],https://www.badok.eus/euskal-musika/des-kontrol
288,Desgaraian,,,,['Popa'],https://www.badok.eus/euskal-musika/desgaraian
297,DJ Makala & Korrontzi,,2019,"Zarautz, Mungia","['Folka', 'Trikitia', 'Elektronikoa']",https://www.badok.eus/euskal-musika/dj-makala-korrontzi
299,Dodosound,,,,['[]'],https://www.badok.eus/euskal-musika/dodosound
300,Doktor Deslai,,1995 - 2003,Hendaia (Lapurdi),['Reggaea'],https://www.badok.eus/euskal-musika/doctor-deslai
302,Don't Save The Queen,,,,['Rocka'],https://www.badok.eus/euskal-musika/god-save-the-queen
305,Duenak Azer Piper,,1990,Arrigorriaga (Bizkaia),['Rocka'],https://www.badok.eus/euskal-musika/duenak-azer-piper
312,Edu Iriondo,"1973-77 urteetan orduko kantaldien mugimenduan kantautore ibilitakoa da Edu Iriondo. Institutuko irakasle ogibidez, kantak sortzen eta prestatzen ibili da urteetan. 2013an lehen disko-liburua argitaratu zuen, “11 istorio musikatu”, eta 2020an bigarren disko-liburua kaleratu du: “Satorra eta gu”, 11 kanta berrik osatua. Letrak eta musika beronek sortuak dira. (Argazkia: ‘Barren’ aldizkaria)",1954,Elgoibar (Gipuzkoa),['Kantautorea'],https://www.badok.eus/euskal-musika/edu-iriondo
314,Egun Beltzak,,,Irun (Gipuzkoa),['[]'],https://www.badok.eus/euskal-musika/egun-beltzak
318,EHZ Festibala,,,,['[]'],https://www.badok.eus/euskal-musika/EHZ%20Festibala
322,Ekida,,,,['[]'],https://www.badok.eus/euskal-musika/ekida
327,El Puto Ior,"Left Coast Gang eta N2OGU kolektiboetako partaide izan zen El Puto Ior MC bizkaitarra. El Sindicato (SDR) taldean parte hartu zuen, eta ordutik errimak sortzen ibili da hainbat proiektutan.",,Portugalete (Bizkaia),['Rapa'],https://www.badok.eus/euskal-musika/el-puto-ior
330,"Elena Setien, Grande Days, Xabier Erkizia",,,"Donostia, Lesaka (Nafarroa)",['Rocka'],https://www.badok.eus/euskal-musika/elena-setien-grande-days-xabier-erkizia
332,Eli eta Manex Pagola,,,"Ereñotzu (Hernani, Gipuzkoa)",['Bertsoa'],https://www.badok.eus/euskal-musika/eli-eta-manex-pagola
333,Elizabeltz,,2018,Bermeo (Bizkaia),"['Metala', 'Rocka']",https://www.badok.eus/euskal-musika/elizabeltz
337,Elurretan,,2003 - 2009,Ordizia (Gipuzkoa),['Popa'],https://www.badok.eus/euskal-musika/elurretan
341,Enarak,,1967 - 1970,,['Popa'],https://www.badok.eus/euskal-musika/enarak
344,Enbor,,1978 - 1981,Bilbo,"['Rocka', 'Progresiboa']",https://www.badok.eus/euskal-musika/enbor
345,Enbor Arnasa,Iñaki Espartzaren proiektua da Enbor Arnasa. Musika irakasle eta Geure Gogoa grabazio estudioan soinu teknikaria da Espartza.,,Ugao (Bizkaia),['[]'],https://www.badok.eus/euskal-musika/enbor-arnasa
346,Endemaño,,2012 - 2015,Meñaka (Bizkaia),['[]'],https://www.badok.eus/euskal-musika/endemano
347,Endika Lahaine & Hawaiiano Kid,,2020,Barakaldo (Bizkaia),['Rapa'],https://www.badok.eus/euskal-musika/endika-lahaine-hawaiiano-kid
348,Ene Kantak,"Euskarazko haurrentzako abestiak sortzen ditu Ene Kantak-ek, bideo eta koreografiekin. Gainera, ikuskizun eta antzerki musikalak ere antolatzen dituzte.",2011,,['[]'],https://www.badok.eus/euskal-musika/ene-kantak
349,Eneko Dorronsoro,,1980,Ataun (Gipuzkoa),['Trikitia'],https://www.badok.eus/euskal-musika/eneko-dorronsoro
350,Eneko Labegerie,,1954,Kanbo (Lapurdi),"['Herri', 'kanta']",https://www.badok.eus/euskal-musika/eneko-labegerie
354,Eorann,"2002. eta 2008. urteen artean Birkite Alonsok eta Gontzal Caraballok sortutako taldeak pop-rock, post eta noise doinuak maneiatu zituen, hiru lan grabatu zituen eta Bilboko zirkuitu independentean ezagun egin zen.",2002 - 2008,Bilbo,"['Pop-rocka', 'Noise-Rocka']",https://www.badok.eus/euskal-musika/eorann
357,Erasoka,,2008,"Algorta (Getxo, Bizkaia)","['Punk-rocka', 'Punk-Oi!']",https://www.badok.eus/euskal-musika/erasoka
360,Erbestean,,,Bilbo,['[]'],https://www.badok.eus/euskal-musika/erbestean
364,Erraiak,"Abestiak, literatura eta irudiak batzen dituen proiektua da Erraiak.",2016,Azpeitia,['Pop-rocka'],https://www.badok.eus/euskal-musika/erraiak
367,Errietan,,,Mutriku (Gipuzkoa),['Pop-rocka'],https://www.badok.eus/euskal-musika/errietan
371,Erronkak,"Erronkak taldea 2020ko apirilean sortu zuten Nafarroako Deierriko Allotz herrian Txari Eletak (gitarra eta ahotsa), Iñaki Barrenak (baxua eta koruak) eta Ibon Irigoienek (bateria eta perkusioa). Beste proiektu batzuetan ibili ondoren, herrian bertan elkartzea erabaki zuten musikarekin jolasteko eta gozatzeko, eta inguruko beste musikazale eta artistekin aritzeko asmoz.",2020,Allotz (Nafarroa),['Popa'],https://www.badok.eus/euskal-musika/erronkak
376,Espartzu,Pello eta Gaizka Arrue anaiek osatzen dute Espartzu.,,Azpeitia (Gipuzkoa),['[]'],https://www.badok.eus/euskal-musika/espartzu
377,Estankona,,1979,Artea (Bizkaia),['Rocka'],https://www.badok.eus/euskal-musika/estankona
378,Esti eta Mikel Markez,,,Aia (Gipuzkoa),['Kantautorea'],https://www.badok.eus/euskal-musika/esti-eta-mikel-markez
382,Estricalla,,2009,,['Hardcorea'],https://www.badok.eus/euskal-musika/estricalla
383,Estu & Larri,,,,['Ska-rocka'],https://www.badok.eus/euskal-musika/estu-larri
385,Etorkizun Beltza,,2008,Gernika (Bizkaia),['Metala'],https://www.badok.eus/euskal-musika/etorkizun-beltza
387,Etsaiakeroak,,2016,Lekeitio (Bizkaia),"['Hardcorea', 'Punka']",https://www.badok.eus/euskal-musika/etsaiakeroak
391,Etxekalte + Habi,,2020,"Bermeo (Bizkaia), Villabona (Gipuzkoa)",['Rocka'],https://www.badok.eus/euskal-musika/etxekalte-habi
392,Etxepare Rap,,,,['Rapa'],https://www.badok.eus/euskal-musika/etxepare-rap
394,Euskanta,,,,['[]'],https://www.badok.eus/euskal-musika/euskanta
395,Euskaros,,,,['Popa'],https://www.badok.eus/euskal-musika/euskaros
396,Euskatalites,,2013,Iruñea,"['Reggaea', 'Ska']",https://www.badok.eus/euskal-musika/euskatalites
397,Exkixu,,1991 - 1997,Gernika-Lumo (Bizkaia),['Rocka'],https://www.badok.eus/euskal-musika/exkixu
398,Exstingure,,,,['Elektronikoa'],https://www.badok.eus/euskal-musika/exstingure
399,Ez Dok Amairu,,1966 - 1972,,"['Folka', 'Herri', 'kanta']",https://www.badok.eus/euskal-musika/ez-dok-amairu
401,Ezin Eta,,,Donibane Lohizune (Lapurdi),['Rocka'],https://www.badok.eus/euskal-musika/ezin-eta
404,Ezpalak,,2019,Zestoa (Gipuzkoa),['Rocka'],https://www.badok.eus/euskal-musika/ezpalak
405,Eztanda,,2015,Tolosa (Gipuzkoa),"['Metala', 'Thrasha']",https://www.badok.eus/euskal-musika/eztanda
406,Eztandap,,2019,"Zornotza, Ea (Bizkaia)",['Rocka'],https://www.badok.eus/euskal-musika/eztandap
407,Ezurte,,,"Zizur, Gares (Nafarroa)","['Hardcorea', 'Rocka']",https://www.badok.eus/euskal-musika/ezurte
409,Far Far,,2015,,['Rocka'],https://www.badok.eus/euskal-musika/far-far
410,FastFatum,"Igor Kalzada donostiarraren ‘alter ego’ artistikoa da FasTFatum. Disko bakarra kaleratu du, Harkaitz Cano idazlearekin elkarlanean.",1975,Donostia,"['Popa', 'Elektronikoa']",https://www.badok.eus/euskal-musika/fast-fatum
415,Fernalia,"Fernalia bikotea Joseba Agirrezabalagak eta Sokrates Garciak (Autoa, Akauzazte) osatzen dute.",,Azkoitia (Gipuzkoa),['[]'],https://www.badok.eus/euskal-musika/fernalia
421,Fizt & Furiuz,,2021,Luhuso (Lapurdi),['Metala'],https://www.badok.eus/euskal-musika/fizt-furiuz
423,FlakUtt,"Lander Fernandez Arroiabe soinu ekoizlearen Elektroflak egitasmo elektronikoaren eta UTT Uharteko Txalaparta Tailerraren arteko batuketatik sortutako proiektua da FlakUtt. Txalaparta, musika elektronikoa eta inprobisazioa dira FlakUttek argitaratutako disko bakarraren osagai nagusiak. ",2008 - 2010,Uharte (Nafarroa),"['Folka', 'Elektronikoa']",https://www.badok.eus/euskal-musika/flakutt
425,Floxbin,,2016,Usurbil (Gipuzkoa),['Metala'],https://www.badok.eus/euskal-musika/floxbin
433,Fundiziyue,,1994 - 2004,Azpeitia,['Pop-rocka'],https://www.badok.eus/euskal-musika/fundiziyue
434,Fusible,"Pilota plazako ostatu batean sortu zen Fusible. Bikote gisa hasi zen eta hirukote formatuan jarraitu zuen. Hitzen beharrik ez duen rock sikodelikoaren, krautrockaren eta punkaren arteko soinu kiribil indartsu, hipnotiko eta geldiezina jaso dute orain arteko grabazioetan.",2016,Ziburu (Lapurdi),"['Punka', 'Rocka']",https://www.badok.eus/euskal-musika/fusible
435,G.A.Z Limbo,,,Lekeitio (Bizkaia),"['Rapa', 'Elektronikoa']",https://www.badok.eus/euskal-musika/g-a-z-limbo
439,Galazota,,2021,Arratia (Bizkaia),['Punk-rocka'],https://www.badok.eus/euskal-musika/galazota
441,Galtzagorriak,,2015,Tafalla (Nafarroa),['Ska'],https://www.badok.eus/euskal-musika/galtzagorriak
443,Ganorabakuek,,2014,Durangaldea (BIzkaia),"['Folk-rocka', 'Countrya']",https://www.badok.eus/euskal-musika/ganorabakuek
444,Garaje Drama,,,,['Hard-rocka'],https://www.badok.eus/euskal-musika/garaje-drama
445,Garazi Gorostiaga,,,,['Elektronikoa'],https://www.badok.eus/euskal-musika/garazi-gorostiaga
446,Gargara,,,,"['Elektronikoa', 'Esperimentala']",https://www.badok.eus/euskal-musika/gargara
450,Garraio,,2021,,['Rocka'],https://www.badok.eus/euskal-musika/garraio
454,Gaua Project,Jon Asier Zubelzu soinu teknikariak eta Jona Parra musikariak Gaua grabazio estudioaren inguruan sortutako proiektua da Gaua Project. Pop elektroniko eta dantzagarria jorratu dute orain arte argitaratutako disko bakarrean.,2009,Barakaldo (Bizkaia),"['Popa', 'Elektronikoa']",https://www.badok.eus/euskal-musika/gaua-project
467,Gora Gora Kids,"Gora Gora Kids-ek “3 chord rock and roll” deritzon soinua gurtzen du, zuzena, gordina eta sinplea; garage punk txatarrero dantzagarria. Eta batzuetan, zuzenekoetan, Bo Didley eta The Rolling Stones-en modukoak xehetzen dituzte. Taldekideen artean, Koldo Almandoz zinemagilea dago.",2009 - 2015,Iruñea-Donostia-Bilbo,['Rock&rolla'],https://www.badok.eus/euskal-musika/gora-gora-kids
469,Gorka Gaztanbide & Txikizio Kuadrilla,,,Iruñea,"['Jazza', 'Popa', 'Rocka', 'Soula']",https://www.badok.eus/euskal-musika/gorka-gaztanbide-txikizio-kuadrilla
471,Gorka Robles,,,,['[]'],https://www.badok.eus/euskal-musika/gorka-robles
473,Gorka Suaia eta Markes Iraizoz,,,,"['Rapa', 'Reggaea']",https://www.badok.eus/euskal-musika/gorka-suaia-eta-markes-iraizoz
474,Gorkhiru,"Soularen eta funkaren tradiziotik abiatuta, Gorkhiru taldeak kolore ugaritako doinuak bildu zituen. Gorka Lasa abeslari eta teklatu jotzaileak gidatutako laukoteak Bartzelonan egin zuen topo. Lasarekin batera, Santi Noriega euskal baxu jotzaileak, Anibal Martinez gitarrista argentinarrak eta Javier Martin bateria jotzaile kanariarrak osatu zuten Gorkhiru. Disko bakarra argitaratu zuten.",2003 - 2005,,"['Jazza', 'Soula']",https://www.badok.eus/euskal-musika/gorkhiru
475,Goroldio,,2021,Nafarroa,"['Punk-rocka', 'Rocka']",https://www.badok.eus/euskal-musika/goroldio
477,GorriBaltz,"GorriBaltz 2019ko maiatzean asmo handirik gabe sortutako proiektua da. Edo hobeto esanda, kopeta handiz eta musikaz gutxi jakinda jolasteko gogoz egin daitekeena. Hamaika modu daude Ideia zabaltzeko",2019,Bermeo (Bizkaia),"['Punka', 'Industriala', 'Post-punka']",https://www.badok.eus/euskal-musika/gorribaltz
480,Goxua'n Salsa,"Goxua’n Salsa talde kolonbiar-nafarra 2020ko urtarrilean sortu zen, Iruñean, salsa eta doinu latinoak euskaraz kantatzeko asmoz. 1960ko, 1970eko eta 1980ko urteetan New Yorken, Kolonbian eta Puerto Ricon egiten zen saltsa klasikoa berritzea da euren asmoa.",2020,Iruñea,['Salsa'],https://www.badok.eus/euskal-musika/goxuan-salsa
485,Gure Bidea,,1975 - 1979,,"['Herri', 'kanta']",https://www.badok.eus/euskal-musika/gure-bidea
486,Gutariko Bat,"Gutariko Bat 1994. urtean sortu zen Beran. Hasieran bost kidek osatu zuten taldea eta hurrengo bost urteetan formazio horrekin argitaratu zituen lan aipagarrienak. Rockaren eta hardcorearen esperimentazioa, teknika desberdinen arteko nahasketak, soinu collageak
 jorratu zituen.",1994 - 1999,Bera (Nafarroa),"['Rocka', 'Esperimentala', 'Noise-Rocka']",https://www.badok.eus/euskal-musika/gutariko-bat
487,Guzural,,,,"['Elektronikoa', 'Industriala']",https://www.badok.eus/euskal-musika/guzural
489,Haatik,,2019,Markina-Xemein (Bizkaia),"['Hardcorea', 'Post-hardcorea']",https://www.badok.eus/euskal-musika/haatik
492,Hagoan,,2019,Iruñea,['Rocka'],https://www.badok.eus/euskal-musika/hagoan
494,Haize Gorria,,,Urduña (Bizkaia),['Folk-rocka'],https://www.badok.eus/euskal-musika/haize-gorria
495,Haize-arrosa,Haize-arrosa taldea Berrizen (Bizkaia) sortu da 2022. 1990eko hamarkadan Ene Bada taldean ibilitako musikariek osatzen dute.,2022,,['Triki-popa'],https://www.badok.eus/euskal-musika/haize-arrosa
498,Haizeatxo,Haizea Alonso rap abeslaria da.,2001,Urizahar (Araba),['Rapa'],https://www.badok.eus/euskal-musika/haizea-alonso
503,Haragi Gordiña,,2000,Donostia,"['Popa', 'Runba']",https://www.badok.eus/euskal-musika/haragi-gordina
513,Haurtzarrak,"Haurtzarrak 1989an sortu zen Donibane Garazin, eta “Bihurrikerian” diskoan jaso zuen hamar urteko ibilbide luzearen emaitza. Betiko hardcoreari beste ukitu batzuk erantsi zizkion, hala nola punkaren azkartasuna eta bat-batekotasuna, metalaren zama eta pisua eta tekno erritmoen alaitasuna eta kolpe astuna.",1989,Donibane Garazi,"['Hardcorea', 'Metala']",https://www.badok.eus/euskal-musika/haurtzarrak
516,Hazurbaltzak,"Hazurbaltzak rock taldea Ondarroan sortu zen, 80. hamarkada bukaeran. 1990. urtean maketatxo bat ekoitzi zuten eta, hilabete batzuk beranduago, maxi single bat kaleratu Slam Records zigilupean. (Argazkia: Josu Odriozola)",1989 - 1994,Ondarroa (Bizkaia),['Rocka'],https://www.badok.eus/euskal-musika/hazurbaltzak
519,Hegoak,,,,"['Herri', 'kanta']",https://www.badok.eus/euskal-musika/hegoak
522,Hemendio,,1985,Gernika (Bizkaia),['Rocka'],https://www.badok.eus/euskal-musika/hemendio
524,Herdoil,,,Iruñerria,['Punk-Oi!'],https://www.badok.eus/euskal-musika/herdoil
528,Herstura,,2011,Oñati (Gipuzkoa),['Post-hardcorea'],https://www.badok.eus/euskal-musika/herstura
529,Hertzainak,"Euskarazko rocka ulertzeko, ezinbesteko taldea da Hertzainak. Beste asko bezala, taldekideak bidean egin ziren musikari, eta nabaritu zen taldearen garapenean, hasierako punk erritmo britainiarretatik rock giro klasikoetara, eta tartean ska erritmoak eta folk kutsuko melodiak jorratuz. Diskografia oparoa utzi zuen (sei disko eta hainbat single eta EP), eta oraindik ere entzuten dira haren kantuak. 1981eko Urtezaharrean jo zuen aurreneko aldiz, eta azken emanaldia 1993ko urriaren 30ean eskaini zuen.",1981 - 1993,Gasteiz,"['Punka', 'Rocka', 'Ska']",https://www.badok.eus/euskal-musika/hertzainak
538,Hil Norbait,,,,['Metala'],https://www.badok.eus/euskal-musika/hil-norbait
539,Hilbera,,2018,,['Metala'],https://www.badok.eus/euskal-musika/hilbera
541,Hilotz,,2010,Lasarte-Oria (Gipuzkoa),"['Metala', 'Thrasha']",https://www.badok.eus/euskal-musika/hilotz
544,Hiri Galduak,"Azken urteak Hi Exekutibo taldean eman ondoren, Hiri Galduak izeneko proiektua jarri zuen martxan Josu Calvok.",2017,Urretxu-Zumarraga (Gipuzkoa),"['Popa', 'Rocka']",https://www.badok.eus/euskal-musika/hiri-galduak
545,Hiru Leike,"Iñigo Muguruzak (Kortatu, Negu Gorriak, Delirium Tremens,  Joxe Ripiau, Sagarroi, Lurra
) eta Ane Odriozolak (Indidxabak) osaturiko taldea da Hiru Leike.",2017,Irun (Gipuzkoa),['Rocka'],https://www.badok.eus/euskal-musika/hiru-leike
546,Hiru Soinu,,,Senpere (Lapurdi),['Folk-popa'],https://www.badok.eus/euskal-musika/hiru-soinu
548,Hiuzz,"Iruñeko hirukote bat da Hiuzz, 1990eko hamarkadako gitarra eta fuzz soinuak dituena oinarrian.",2020,,['Rocka'],https://www.badok.eus/euskal-musika/hiuzz
550,Hopelessness,Urretxu-Zumarragako melodic death-doom metal taldea da Hopelessness.,2004,,['Metala'],https://www.badok.eus/euskal-musika/hopelessness
553,Hortzak,,,,['Metala'],https://www.badok.eus/euskal-musika/hortzak
557,Hozten,,2013,Bilbo,['Rocka'],https://www.badok.eus/euskal-musika/hozten
558,Humilitate,,2009,Zarautz (Gipuzkoa),['Thrasha'],https://www.badok.eus/euskal-musika/humilitate
564,Iban Yaniz,,1971,Oñati (Gipuzkoa),['Indie-folka'],https://www.badok.eus/euskal-musika/iban-yaniz
566,Ibon RG,"Duela bi hamarkada hasi zen Ibon Rodriguez Bizkaiko eszena independente eta esperimentalean parte hartzen, bai kontzertuak antolatzen (Kafea eta Galletak), bai beste musikarien lanak ekoizten eta moldatzen (Mursego, Xabier Montoia
), bai musikari gisa hainbat proiektu sortzen: Eten taldea edota ahotsezko inprobisazioa eta elektronika uztartzen dituen Gargara bikotea. Ibon RG erabateko pieza bilduma osatuz joan da, exekuzio gordin eta mezu sendokoa. Orain bakarkako lehen lana osatzen duten abestiak gehitu dizkio bere kantutegiari. Argazkia: Marina Suarez Ortiz de Zarate",1978,Sestao (Bizkaia),"['Herri', 'kanta', 'Esperimentala']",https://www.badok.eus/euskal-musika/ibon-rg
567,"Ibon RG, Enrike Hurtado",,,Bizkaia,"['Folka', 'Herri', 'kanta', 'Esperimentala']",https://www.badok.eus/euskal-musika/ibon-rg-enrike-hurtado
576,Iker Martinez eta Zaldi Herrenak,"Iker Martinez de Zuazo (Latzen, Potemkin, Amonal, Lenao) musikari oñatiarrak gidatzen du Iker Martinez eta Zaldi Herrenak proiektua. 2017an kaleratu zuen bere bakarkako lehen diskoa, 2019an iritsi zen bigarrena eta 2021eko irailean dator hirugarrena: “Hegaldiak”. Hirugarren disko honetan, lehen aldiz Zaldi Herrenak taldearekin elkarlanean jorratu ditu kantuak Ikerrek: berak sortutako melodia eta hitzak, oraingo honetan, taldearekin bat egin eta lokalean denen artean ondu dituzte; eta, estudioan, denek batera jotzen grabatu.",1977,Oñati (Gipuzkoa),['Pop-rocka'],https://www.badok.eus/euskal-musika/iker-martinez
577,Ikgober,,,Mutriku (Gipuzkoa),"['Metala', 'Rocka', 'Elektronikoa']",https://www.badok.eus/euskal-musika/ikgober
580,Iluna Bar,"Hemendik At! eta Ados dance elektronikoko taldeetan aritu ostean, proiektu ezberdin bati heldu zioten Stella Berzal eta Edurne Arizuk. Pop-rock talde bat sortu zuten Gorka Hermosa akordeoi jotzaile urretxuarraren laguntzaz. Disko bakarra argitaratu zuen Iluna Barrek.",2002,,['Pop-rocka'],https://www.badok.eus/euskal-musika/iluna-bar
582,Imuntzo eta Beloki,,1991,,['Trikitia'],https://www.badok.eus/euskal-musika/imuntzo-eta-beloki
583,Iñaki Arriaran,"Iñaki Arriaran abeslaria Ameslariak taldeko kidea izan zen 60ko hamarkadaren amaieran, eta urte batzuk geroago Akelarre taldearen sorreran parte hartu zuen. Tartean, EPa bat grabatu zuen bakarka, berak sortutako doinuekin.",,Bergara (Gipuzkoa),['Popa'],https://www.badok.eus/euskal-musika/inaki-arriaran
584,Iñaki Basabe,,,Basauri (Bizkaia),['Kantautorea'],https://www.badok.eus/euskal-musika/inaki-basabe
591,Iniezione,"1998an ezagutu zuten elkar Iñaki Garridok, Koldo de Miguelek eta Borja Estankonak. Bizkaiko hiru herritatik zetozen: Galdakao, Basauri eta Arteatik. Esku artean zuten tresneria umilarekin jotzen hasi ziren berehala. Orduak eta urteak elkarrekin musika egiten ibili ondoren soinu propio batera heldu zirela sentitu zuten. Zuzenekoak eskaintzeaz gain, beraien musika grabatua geratu zen. Entsegu lokalean eta zuzeneko sesio batean hiru pieza grabatu zituen Iñaki Alonso teknikariak. 2002n banda banandu egin zen, eta handik bi urtera Arean sortu zuten.",1998 - 2002,,['Post-rocka'],https://www.badok.eus/euskal-musika/iniezione
593,Inoren Ero Ni,"Bap!! taldean aritutako hiru musikarik (Eneko Abrego ‘Okene’, Xabier Olazabal ‘Drake’ eta Mikel Abrego) eta Borja Iglesias gitarristak (Purr, Hotel, Anari) sortu zuten Inoren Ero Ni taldea. Hardcore doinuak alde batera utzita, oso landutako egiturak dituzten rock kantuak jorratzen ditu laukoteak. Post-hardcorea izan zuten hasieran oinarri, baina gero eta free-jazzagoak dira. Gaur egun, Okene Abrego eta Borja Iglesiasekin batera, Mariano Hurtadok (baxua) eta Iñaki Guantxek (bateria) osatzen dute taldea.",2002,Andoain (Gipuzkoa),['Rocka'],https://www.badok.eus/euskal-musika/inoren-ero-ni
594,Iñorkiñak,,2015,Usurbil (Gipuzkoa),['Triki-popa'],https://www.badok.eus/euskal-musika/inorkinak
597,Iokin eta Iosu,,1973 - 1979,,"['Herri', 'kanta']",https://www.badok.eus/euskal-musika/iokin-eta-iosu
598,IONT,,2010,Gasteiz,"['Metala', 'Rocka']",https://www.badok.eus/euskal-musika/iont
606,Irtera,"Irtera 2021eko irailean Donostia eta Trintxerpeko lau lagunek sortutako musika taldea da. Joseba Piñeiro (gitarra), Gorka Daguerresar (bateria) eta Iñaki Perezek (baxua) musikariek txikitatik ezagutzen dute elkar, eta Saioa Seserekin (ahotsa) elkartu dira, musika proiektu berri bat martxan jartzeko asmoz.",2021,,['[]'],https://www.badok.eus/euskal-musika/irtera
607,Iruñea NOLA Brass Band,,,,['[]'],https://www.badok.eus/euskal-musika/irunea-nola-brass-band
610,Isildu Zaitez,,2010,Laukiz (Bizkaia),['Rocka'],https://www.badok.eus/euskal-musika/isildu-zaitez
612,Islabat,"Hitz joko honen atzean Asier Olabarrieta (Hiri asko bere baitan, Zisma, HHD) musikaria topatuko dugu. Sorkuntzari engaiatua da erabat, 14 urterekin estreinekoz oholtza gainera igo zenetik. Etxean sortutako abesti sorta plazaratuko du 2022ko martxoan, mimo handiz ehundutako proiektu kontzeptuala. Zuzeneko emanaldietarako bere betiko lagunak izango ditu musika bidaide: Andoni Alonso (bateria), Jesus Jimenez (klarinetea, gitarra eta sinteak) eta Aitzol Mujika (baxua).",,,['[]'],https://www.badok.eus/euskal-musika/islabat
613,Isuo ta Kezman,"Iosu Isaias Villanueva Castrok (Zarautz, 1987) eta Jon Muruak (Gabiria, ) osatzen dute Isuo eta Kezman bikotea.",,Zumarraga (Gipuzkoa),"['Kantautorea', 'Folk-popa']",https://www.badok.eus/euskal-musika/isuo-ta-kezman
622,Izaera,,,"Irun, Hondarribia (Gipuzkoa)",['Post-hardcorea'],https://www.badok.eus/euskal-musika/izaera
632,Jabi Patxon,"Duela hamar urte ekin zion Jabi Patxonek jendaurrean abestu eta kantu propioak sortzeari. Zenbait lan kaleratu ditu ordutik. Azken urteetan, Jabi Patxon eta Kofradia Rock taldea bildu du inguruan.",1970,,['Folk-rocka'],https://www.badok.eus/euskal-musika/jabi-patxon
634,Jah Goikoa eta Reggae Zaharra,,,Iruñerria,['Reggaea'],https://www.badok.eus/euskal-musika/jah-goikoa-eta-reggae-zaharra
635,Janus Lester,Jokin Pinatxo musikari beratarraren proiektua da Janus Lester.,2022,,['Popa'],https://www.badok.eus/euskal-musika/janus-lester
638,JaunGoiko,Asier Goikoetxearen bakarkako proiektua da JaunGoiko.,,Bilbo,"['Popa', 'Rapa', 'Elektronikoa']",https://www.badok.eus/euskal-musika/jaungoiko
644,John Dealer & The Coconuts,,,Legazpi (Gipuzkoa),['Rock&rolla'],https://www.badok.eus/euskal-musika/john-dealer-the-coconuts
645,Johnny & Joseph,,,,['Rock&rolla'],https://www.badok.eus/euskal-musika/johnny-joseph
646,Jojo Bordagarai,,1961,Gabadi (Nafarroa Beherea),"['Folka', 'Herri', 'kanta']",https://www.badok.eus/euskal-musika/jojo-bordagarai
647,Jojo eta Bernadette,,,,['[]'],https://www.badok.eus/euskal-musika/jojo-eta-bernadette
655,Jon Miner & Intxixu Lotien Banda,,,Errenteria (Gipuzkoa),['Pop-rocka'],https://www.badok.eus/euskal-musika/jon-miner-intxixu-lotien-banda
658,Jose Mari Zendoia eta Unai Pelayo,,,,['[]'],https://www.badok.eus/euskal-musika/jose-mari-zendoia-eta-unai-pelayo
659,Joseba Agirrezabalaga eta Mikel Vega,,,,['Esperimentala'],https://www.badok.eus/euskal-musika/joseba-agirrezabalaga-eta-mikel-vega
664,Josepe Irigarai,,1942,Iruñea,['Kantautorea'],https://www.badok.eus/euskal-musika/josepe-irigarai
671,JP Lohian & Klonen Klana,,1974,Hondarribia (Gipuzkoa),['Rocka'],https://www.badok.eus/euskal-musika/jp-lohian
674,Juanjo Otxandorena,,,,['Folka'],https://www.badok.eus/euskal-musika/juanjo-otxandorena
677,Julen Basterra,,,,['[]'],https://www.badok.eus/euskal-musika/julen-basterra
678,Julen Cobos,,,Aretxabaleta (Gipuzkoa),['[]'],https://www.badok.eus/euskal-musika/julen-cobos
682,Jupiter Jon eta Amaren Alabak,,2019,,"['Herri', 'kanta', 'Rocka', 'Post-punka']",https://www.badok.eus/euskal-musika/jupiter-jon-eta-amaren-alabak
684,Kadira,,,,['[]'],https://www.badok.eus/euskal-musika/kadira
689,Kaleko Urdangak,,2011,Bergara (Gipuzkoa),['Punk-Oi!'],https://www.badok.eus/euskal-musika/kaleko-urdangak
690,Kalera,,,Bortziriak (Nafarroa),['Rocka'],https://www.badok.eus/euskal-musika/kalera
692,Kantu Kolore,Kantu Kolore proiektuak musika didaktikoa lantzen du.,2016,,['[]'],https://www.badok.eus/euskal-musika/kantu-kolore
695,Kartzarot,,1989,Lezama (Bizkaia),"['Hard-rocka', 'Metala']",https://www.badok.eus/euskal-musika/kartzarot
705,Kau Kori Kura,"Anímese Martinez, Ciclos Iturgaiz eta Elurretan taldeetan aritu ondoren, Mikel Aizpuruak sortutako proiektua da Kau Kori Kura. 2015ean hasi zen kantuak bideo formatuan Youtubera igotzen. Hitz surrealistak, umoretsuak eta ironikoak, pop melodia jostariekin nahasten ditu Kau Kori Kurak.",1972,Ordizia (Gipuzkoa),['Popa'],https://www.badok.eus/euskal-musika/kau-kori-kura
718,Keu Agirretxea & Jon Gurrutxaga,,2017,,['Popa'],https://www.badok.eus/euskal-musika/keu-agirretxea-jon-gurrutxaga
719,Kezkak,,,,['Rocka'],https://www.badok.eus/euskal-musika/kezkak
723,Killerkume,,2012,Bilbo,"['Esperimentala', 'Noise-Rocka']",https://www.badok.eus/euskal-musika/killerkume
724,Kinada,,2020,Lasarte-Oria (Gipuzkoa),['Punk-rocka'],https://www.badok.eus/euskal-musika/kinada
725,Kinbonbo Brass Band,,,Iruñea,['[]'],https://www.badok.eus/euskal-musika/kinbonbo-brass-band
727,Kinkila,Bilboko rock-and-roll laukote bat da Kinkila.,2022,,['Rock&rolla'],https://www.badok.eus/euskal-musika/kinkila
728,KKORG,"KKORG musika fikziozko jolas bat da, eta baita euskal esperimentazioaren ohiko bi partaideren arteko kolaborazioa ere. KORG-MS10 zahar bat zukutu eta soinuak ateratzean datza, epemuga baten barruan, harreran hartutako sintetizadore bat, etxeko berotasunean eskaerak hartzeko prestua. KKOPU eta IbonRG, seinale elektrikoak gurtzen dituen praktika bat. Lehengai bakar bat birpentsatzeko, birpasatzeko, modelatzeko, modulatzeko bi modu, lan honen baitan anonimo bihurtuak.",2020,,['Esperimentala'],https://www.badok.eus/euskal-musika/kkorg
731,Kobrazulo,,2016,Antzuola (Gipuzkoa),['Rock&rolla'],https://www.badok.eus/euskal-musika/kobrazulo
732,Kodigo Norte,,2004,Gasteiz,['Rapa'],https://www.badok.eus/euskal-musika/kodigo-norte
733,Kohatu,,,Berriz (Bizkaia),['Metala'],https://www.badok.eus/euskal-musika/kohatu
737,Konbenio del Metal,,,Tolosa (Gipuzkoa),['Metala'],https://www.badok.eus/euskal-musika/konbenio-del-metal
743,Kortatu,,1983 - 1988,Irun (Gipuzkoa),"['Punka', 'Rocka', 'Ska']",https://www.badok.eus/euskal-musika/kortatu
747,Kristonak,,2022,Arratia (Bizkaia),['Rock&rolla'],https://www.badok.eus/euskal-musika/kristonak
750,Kukuletan Kalakan,,,,['[]'],https://www.badok.eus/euskal-musika/kukuletan-kalakan
751,Kuma No Motor,"Baionako hirukoteak eskola zaharreko hardcore-punk musika jotzen du. Ziztu bizian, ozen, minutu erdiko kantuak bata bestearen ondotik jotzen ditu. Euskaraz edo ingelesez, norbanakoak eta komunitateak zapaltzen eta menperatzen dituen sistemaren aurkako hitz zorrotzak hedatzen ditu. Estatu Batuetako 1980ko hamarkadako hardcorea edo Suediako d-beat musikaren artean, taldearen zuzenekoak arras leherkorrak dira.",2011,Baiona,"['Hardcorea', 'Punka']",https://www.badok.eus/euskal-musika/kuma-no-motor
755,Küskiak,,,Muskildi (Zuberoa),['Popa'],https://www.badok.eus/euskal-musika/kuskiak
757,Kyxo,,,Urnieta (Gipuzkoa),['Popa'],https://www.badok.eus/euskal-musika/kyxo
759,La Rekba,,2019,Donostia,['Punk-rocka'],https://www.badok.eus/euskal-musika/la-rekba
760,La Topadora,,2019,,['Ska-rocka'],https://www.badok.eus/euskal-musika/la-topadora
761,Labanak,,1990 - 1994,Zarautz (Gipuzkoa),['Rock&rolla'],https://www.badok.eus/euskal-musika/labanak
766,Laize MC,,,Barakaldo (Bizkaia),['Rapa'],https://www.badok.eus/euskal-musika/laize
767,Lamiak,,2017,Donostia,['Rocka'],https://www.badok.eus/euskal-musika/lamiak
768,Lanbroa,"Ibilbide luzeko musikariez osatutako taldea da, gustu eta estilo oso ezberdinetan ibilitakoak: Karlos Zubikoa (baxua; Sagarroi, Lurra), Xabier Dols (bateria; Acido C, Lurra), Eneko Lekuona (gitarra akustikoa; 27, Pájaro Bobo), Mikel Goñi (gitarra elektrikoa; Zelig, La Bona Dea) eta Elena Artia (ahotsa; Zelig, Layo Raser). Soinu klasiko eta sustraizko soinuen magia, egungo softpop-arekin fusionatzen du Lanbroak, beti ere euskara ardatz bezala erabiliz.",2017,Irun (Gipuzkoa),['Popa'],https://www.badok.eus/euskal-musika/lanbroa
770,Laparrak,,2021,,['Punka'],https://www.badok.eus/euskal-musika/laparrak
773,Lapurtarrak,,,,"['Herri', 'kanta']",https://www.badok.eus/euskal-musika/lapurtarrak
774,Larra Bideak,"Iñaki Larraioz musikari nafarrak bere lehen bakarkako proiektua kaleratu du: Larra Bideak. Funtsean, jauzi baten kronika izoztua biltzen du zazpi abestiko diskoak. Behingoz zerurantz hegaldatzearen eta berriz lurrera erotzearen arteko puntu lauso horretan kokatu du bere musika sortzaileak, esperantzarako zein etsipenerako distantzia berera, eta pop, folk eta blues uztartze intimista baten bidez egiten du zalantzaz eta esperantzaz betetako istant horren erretratu musikala Larraiozek.",1986,Larraintzar (Nafarroa),"['Folka', 'Popa']",https://www.badok.eus/euskal-musika/larra-bideak
780,Las Chinchetas,,2011,Iruñea,['Popa'],https://www.badok.eus/euskal-musika/las-chinchetas
781,Las Tea Party DJ's,,,,['Elektronikoa'],https://www.badok.eus/euskal-musika/las-tea-party-djs
786,Laumono,,1989,Mutriku (Gipuzkoa),"['Bluesa', 'Hard-rocka', 'Metala']",https://www.badok.eus/euskal-musika/laumono
789,Lehen Lerroa,,2019,Oñati (Gipuzkoa),['Punk-Oi!'],https://www.badok.eus/euskal-musika/lehen-lerroa
791,Leinu Zarra,,,,['Punk-rocka'],https://www.badok.eus/euskal-musika/leinu-zarra
792,Leire Letu eta Kristina Aranzabe,,,,['[]'],https://www.badok.eus/euskal-musika/leire-letu-eta-kristina-aranzabe
793,Leizeak,,,Iruñerria,['Rocka'],https://www.badok.eus/euskal-musika/leizeak
794,Lemak,,2019,"Bergara, Antzuola (Gipuzkoa)",['Rocka'],https://www.badok.eus/euskal-musika/lemak
796,Lenoir & MICE,,,Gasteiz,['Rocka'],https://www.badok.eus/euskal-musika/joseba-b-lenoir-eta-mice
798,Lepora,"Lokalean bi urtetik gora aritu ondoren, zortzi abesti zuzen eta gordinez osatutako diskoa aurkeztu du Lepora taldeak. Eraginen artean, 90eko hamarkadako hainbat rock modu nabarmentzen dira, eta kantuetan berdin nabaritzen da taldekideek aurrez jo izan duten taldeen arrastoa: Same Old, Eh!, Libe, Bronze, Tutan Come On, Iont, Kashbad, Trumbo
",,Gasteiz,['Rocka'],https://www.badok.eus/euskal-musika/lepora
800,Letagin,,2018,Oñati (Gipuzkoa),"['Rocka', 'Rock&rolla']",https://www.badok.eus/euskal-musika/letagin
801,Lezon & Limousin,,,,['Popa'],https://www.badok.eus/euskal-musika/lezon-limousin
811,Logela,,,Elorrio (Bizkaia),"['Rapa', 'Elektronikoa']",https://www.badok.eus/euskal-musika/logela
814,Lorratzak,,,Andoain (Gipuzkoa),['[]'],https://www.badok.eus/euskal-musika/lorratzak
815,Lotura,,,,['Metala'],https://www.badok.eus/euskal-musika/lotura
817,Luis Amilibia,,1932 - 1989,Zarautz (Gipuzkoa),['Popa'],https://www.badok.eus/euskal-musika/luis-amilibia
818,Lukiek,"Lukiek taldea Mungiatik dator eta 90eko hamarkadako rockean eta esperimentazioan jarduten du eroso: indarra, melodia barra-barra eta soinu bereizgarria dauka. Taldekideak gazteak badira ere, dagoeneko eskarmentua daukate Sara Zozaya, Belako eta beste talde batzuetan aritzen direlako.",2016,Mungia (Bizkaia),['Rocka'],https://www.badok.eus/euskal-musika/lukiek
822,Lur Barnea,"Lur Barnea Aingeru Gorrotxategi musikariaren azken proiektua da, rock eta folk musikaren uztarketa berri bat. Rockaren indarra eta erritmoak euskal folkaren elementuekin nahasten dira, non albokak berebiziko protagonismoa duen. Euskal Herriko historia eta mitologia jorratuko du Lur Barneak.",2021,,['Folk-rocka'],https://www.badok.eus/euskal-musika/lur-barnea
827,Luz de Putas,,2007 - 2016,Hondarribia (Gipuzkoa),"['Rocka', 'Reggaea', 'Ska']",https://www.badok.eus/euskal-musika/luz-de-putas
828,Lvner,,,Hernani (Gipuzkoa),['Hardcorea'],https://www.badok.eus/euskal-musika/lvner
830,M-n Ezten,"Amaia Orejak eta Kristina Solanok osatu zuten M-n Ezten taldea. Aurretik trikitilari bikote gisa ibiliak ziren erromeriaz erromeria. Taldea osatutakoan, pop estilora bideratutako abestiak sortzen hasi ziren eta musikari askoren laguntzarekin ondutako disko batean bildu zituzten. Zuzenekoetan, Michel Longaron, Mikel Atxaga eta Ruben Caballero izan zituzten taldekide.",2000,"Andoain, Hernani (Gipuzkoa)",['Triki-popa'],https://www.badok.eus/euskal-musika/m-n-ezten
832,Mad Muasel,,,Bilbo,['Reggaea'],https://www.badok.eus/euskal-musika/mad-muasel
838,Mahaster River,"Mahaster River pertsona eta izaera guztiz ezberdinez eta kontrajarriez osatuta dago, baina kasu konkretu honetan partaideen ideia eta pertsonalitateak bildu, arnastu, eta elkar elikatzen dute proiektu bakar batean. Horrela, hiru kideak batzen dituen blues-a (T-Bone Walker eta Bo Diddley bezalakoen bertsioak zein blues propioak garatuz), funk-soul-a, ikutu flamenkoak dituzten kantuak eta instrumental klasifikaezinak lantzen dituzte, topatzeko erraza ez den nahasketa bati irteera emanez.",2005 - 2011,Bergara (Gipuzkoa),['Bluesa'],https://www.badok.eus/euskal-musika/mahaster-river
852,Mal de Ojo,,1993 - 2005,Donostia,['Runba'],https://www.badok.eus/euskal-musika/mal-de-ojo
855,Mänägäitz,,2011,Zarautz (Gipuzkoa),['Hardcorea'],https://www.badok.eus/euskal-musika/managaitz
860,Manugaitz,,,Iruñea,"['Rapa', 'Elektronikoa']",https://www.badok.eus/euskal-musika/manugaitz
863,Marianitoz Blai,,,Iruñea,['[]'],https://www.badok.eus/euskal-musika/marianitoz-blai
864,Marina Beheretxe & Ezekiel kolektiboa,,,Baiona,"['Folka', 'Klasikoa']",https://www.badok.eus/euskal-musika/marina-beheretxe-ezekiel-kolektiboa
867,Markes Iraizoz,"Hainbat urtez Gasteizko Kodigo Norte hip hop taldean aritu eta gero, 2017. urtean taldea utzi eta bere bakarkako ibilbideari ekin zion Markes Iraizoz rap abeslariak.",,Gasteiz,['Rapa'],https://www.badok.eus/euskal-musika/markes-iraizoz
868,Markes Iraizoz eta Gatom,,,,['[]'],https://www.badok.eus/euskal-musika/markes-iraizoz-eta-gatom
871,Marlon Random,,,,['Elektronikoa'],https://www.badok.eus/euskal-musika/marlon-random
874,Martin de Marte,"Lau lagunek osotzen dute talde hau: Martin Murua (gitarra eta ahotsa), Ion Ferrera (gitarra), Xabier Aramendi (baxua) eta Nikolas Eizagirre (bateria). Rocka, popa eta indiea nahasten dituzte, ukitu psikodelikoekin eta jazzari egindako keinuekin. ",,Zarautz (Gipuzkoa),['Popa'],https://www.badok.eus/euskal-musika/martin-de-marte
877,Matxarda,Matxarda 2020ko udaberrian jarri zen martxan Malerrekako zoko batean. Zer egiten dugun galdetzen digutenean zaratadantz egiten dugula esan izan dugu. Gustuko dugu zarata eta jendeak gure musikarekin dantzatzea gustatuko litzaiguke!,2020,Malerreka (Nafarroa),['Rocka'],https://www.badok.eus/euskal-musika/matxarda
879,"Maurizia, Leon eta Basilio",,,,"['Herri', 'kanta', 'Trikitia']",https://www.badok.eus/euskal-musika/maurizia-leon-eta-basilio
880,MC Stal'Inside,,1978,Baiona,['Rapa'],https://www.badok.eus/euskal-musika/mc-stalinside
882,Mehatxuka,"Mehatxuka 2019ko ekainean sortu zen talde donostiar bat da. Hirukote gisa aritu dira 2021eko abendutik, eta beren lehen diskoa atera dute 2023ko otsailean.",2019,,"['Punk-rocka', 'Punk-Oi!']",https://www.badok.eus/euskal-musika/mehatxuka
886,Mendikoa,,,Nafarroa,['Rocka'],https://www.badok.eus/euskal-musika/mendikoa
888,MG Banda,,2006,Arratia (Bizkaia),"['Reggaea', 'Ska']",https://www.badok.eus/euskal-musika/mg-banda
892,Mikel Artieda & Zazpiketers,,1964,Bera (Nafarroa),['[]'],https://www.badok.eus/euskal-musika/mikel-artieda-zazpiketers
899,"Mikel Laboa, Joxan Artze, Artze anaiak",,,,"['Folka', 'Herri', 'kanta', 'Esperimentala']",https://www.badok.eus/euskal-musika/mikel-laboa-joxan-artze-artze-anaiak
901,Mikel Moreno,,1982,Andoain (Gipuzkoa),['Pop-rocka'],https://www.badok.eus/euskal-musika/mikel-moreno
905,Mikel Vega,,1984,Sestao (Bizkaia),['Esperimentala'],https://www.badok.eus/euskal-musika/mikel-vega
910,Miren eta Roberto Etxebarria,,,,['Trikitia'],https://www.badok.eus/euskal-musika/miren-eta-roberto-etxebarria
911,Mirotz,,,Gasteiz,['Rocka'],https://www.badok.eus/euskal-musika/mirotz
912,Mirua,"Maitane Iruiñek eta Malentxo eta Mattin Zeberio anai-arrebek osatzen dute Mirua, eta estilo berezia dute, pop klasikoko melodia eta instrumentuak elektronikarekin eta indie esperimentalarekin uztartzen baitituzte.",2019,Tolosa (Gipuzkoa),"['Popa', 'Elektronikoa']",https://www.badok.eus/euskal-musika/mirua
914,Mixel Ducau eta Caroline Phillips,,,Baiona,['Folka'],https://www.badok.eus/euskal-musika/mixel-ducau-eta-caroline-phillips
919,Mocker's,,2010,Durango (Bizkaia),"['Bluesa', 'Rocka', 'Rock&rolla']",https://www.badok.eus/euskal-musika/mockers
920,Modesto Newhouse,"Modesto Newhouse izen artistikoaren atzean Xabier Etxeberria ageri da. Talde proiektu ezberdin ugaritan aritua, beti izan du bere kasa musikaren munduan murgiltzeko eta esperimentatzeko joera.",,Ataun (Gipuzkoa),['Esperimentala'],https://www.badok.eus/euskal-musika/modesto-newhouse
925,Moonshinerds,,2009,Durango (Bizkaia),"['Hard-rocka', 'Rocka', 'Stonerra']",https://www.badok.eus/euskal-musika/moonshinerds
926,Mor More,"Andrea Lopetegi, Jone Azkoaga eta Lierni Atxukarro hiruko zarauztarrak osatzen du Mor More taldea. Hala eta guztiz ere, ez dira beti hiru izan. Ibilbideari bikote modura eman zioten hasiera 2010­ean Lopetegik eta Azkoagak, eta urte horretan bertan egin zuten debuta Putzuzulo gaztetxean. Pop-folk akustikoa jorratzen dute, gitarrak eta perkusioa erabiliz.",2010 - 2017,Zarautz (Gipuzkoa),"['Folka', 'Popa']",https://www.badok.eus/euskal-musika/mor-more
928,Morau eta Maite Larburu,,,Hernani (Gipuzkoa),['Popa'],https://www.badok.eus/euskal-musika/morau-eta-maite-larburu
929,Moxal,,1978,Gernika (Bizkaia),['Rocka'],https://www.badok.eus/euskal-musika/moxal
937,Mugatik,,1996 - 2002,Donostia,['Hardcorea'],https://www.badok.eus/euskal-musika/mugatik
940,Musde Pillikez,,,,['[]'],https://www.badok.eus/euskal-musika/musde-pillikez
942,Muskulo,"Muskulo taldeak Dejabu Panpin Laborategiaren “Arrastoak” antzezlanerako sortutako “Domino” kantuarekin abiatu zuen bere ibilbidea, 2014an. Urte hartako abenduan kaleratu zuten “Triku bat errepidean” diskoa etorri zen atzetik, 2015an. Taldearen kantuetan paisaia lehor malenkoniatsuak, pertsonaia xelebreen hainbat komeria edo dramak irudikatu ditzakegu.",2014 - 2023,Oiartzun (Gipuzkoa),['[]'],https://www.badok.eus/euskal-musika/muskulo
945,Muxu Beltza,,2013,,"['Punk-rocka', 'Rock&rolla']",https://www.badok.eus/euskal-musika/muxu-beltza
946,Myotones,"Asier Ardanza (bateria) eta Jon de la Fuente (gitarra, ahotsa) gernikarrek osatzen dute Myotones. Pop psikodeliko gisa definitu izan dute haien musika.",2020,,['Popa'],https://www.badok.eus/euskal-musika/myotones
947,N2OGU,"N2OGU (Einbiogu) Hego Euskal Herria abiapuntutzat duen underground kolektiboa da. Ideia zabal, kolektibo eta parte-hartzaile bat da, non haren nukleo nagusia, besteak beste, hauek sortzen duten: Sabio, Itsua, Dirty Moyo, Fat Fish, El puto Ior (goian bego), Gunflow eta Peio. Bilkura hau beste hainbat Dj, produktore eta Mc-k osatzen dute.",2016,,['Rapa'],https://www.badok.eus/euskal-musika/n2ogu
949,Nafarroa 1512,,2010,,['Punk-Oi!'],https://www.badok.eus/euskal-musika/nafarroa-1512
950,Nahiak Nahi,,,Burlata (Nafarroa),['Pop-rocka'],https://www.badok.eus/euskal-musika/nahiak-nahi
953,Naia Robles Arangiz,,1969,Donibane-Loitzune (Lapurdi),['Kantautorea'],https://www.badok.eus/euskal-musika/naia-robles-arangiz
954,Naikari,"“Ezkongai bikoteak sortzeko makina bat ginen”, adierazi du Xabier Zamudiok Naikari taldeari buruz. Gernikan (Bizkaia), 60ko hamarkadaren amaieran, sortu zen orkestra hori, euskal kantuak, boleroak eta habanerak abesteko. Zamudiorekin batera (ahotsa eta gitarra), Faustino Arrietak (pianoa, organoa), Juan Jose Artetxek (saxofoia, flauta) eta Angel Urkietak (tronpeta, bateria) osatu zuten Naikari, eta hiru disko txiki grabatu zituzten.",1969 - 1976,,['Popa'],https://www.badok.eus/euskal-musika/naikari
957,Nakkiga,,2003,Amurrio (Araba),['Metala'],https://www.badok.eus/euskal-musika/nakkiga
963,Nazka,,,,['Punk-Oi!'],https://www.badok.eus/euskal-musika/nazka
966,Nebrashka,,2016,Durangaldea,['[]'],https://www.badok.eus/euskal-musika/nebrashka
970,Nekez,"Nekez 2007. urte bukaeran sortu zuten Iruñerrian, Vortex, Kasu eta Arkada bezalako taldeetan aritutako musikariek. Garai berriko metala jorratzen dute, melodikoa eta bizia, inspirazioa euskal taldeetan bilatuz.",2007,"Atarrabia, Barañain, Iruñea",['Metala'],https://www.badok.eus/euskal-musika/nekez
974,Nerbio Bulkada,,2018,Portugalete (Bizkaia),"['Hardcorea', 'Punka', 'Rocka']",https://www.badok.eus/euskal-musika/nerbio-bulkada
975,Nerea Mendizabal,,1976,,['[]'],https://www.badok.eus/euskal-musika/nerea-mendizabal
978,"Neu,e Buruben",,2008,Lizarraldea (Nafarroa),"['Rocka', 'Rock&rolla']",https://www.badok.eus/euskal-musika/neue-buruben
980,Nevadah,,,,['Rock&rolla'],https://www.badok.eus/euskal-musika/nevadah
984,Nigara Zuek,"Nigara Zuek Ander Fernandezen bakarkako proiektua da. Teatroa, poesia, zirkoa eta dantza ikuskizunen artean ibiltzen da zuzeneko musikari eta sortzaile. Muskulo taldean ere ibiltzen da. “Zer falta zaizu?” diskoa plazaratu zuen 2016an, gitarra eta ahotsez jorratutako azken urte hauetako kantu bilduma. “Zabortegitik salbatuak” da bigarren diskoa. Lehenengoaren soiltasuna atzean utzi, eta tresna ezberdinekin jolasean aritu da. Zabortegitik jasotako piano elektroniko zaharra izan da aitzaki eta abiapuntu kantuok sortzeko.",1981,Errenteria (Gipuzkoa),['Kantautorea'],https://www.badok.eus/euskal-musika/nigara-zuek
985,Nihaur,,2019,Nafarroa,['Metala'],https://www.badok.eus/euskal-musika/nihaur
990,Nikotina,"Jon Tolosa Belza izeneko MC da Nikotina. Rapa gaztetatik jorratu duen musika izan da, reggae eta dancehall doinuak pixkanaka bereganatuz. 2016. urtean hasi zen abesten Nikotina bezela eta Ziribulio Sound kolektiboarekin batera hainbat kontzertu eman zituen. 2018ko azaroan lehen diskoa aurkeztu zuen, Irungo Stepi Selektahk grabatu eta masterizatu zuena. Urte horren bukaeran eta 2019an Euskal Herriko areto, gaztetxe eta plaza ugaritan aritu zen zuzenekoak eskaintzen.",,Tolosa (Gipuzkoa),['Reggaea'],https://www.badok.eus/euskal-musika/nikotina
995,Noise Hole,,1992 - 1996,Bera (Nafarroa),['Rocka'],https://www.badok.eus/euskal-musika/noise-hole
998,Non Demontre,,1995,Elorrio (Bizkaia),['Rocka'],https://www.badok.eus/euskal-musika/non-demontre
999,Non Nahi,,2008,Gares (Nafarroa),['Rocka'],https://www.badok.eus/euskal-musika/non-nahi
1000,Nor Naiz,,2017,Eibar (Gipuzkoa),['Rocka'],https://www.badok.eus/euskal-musika/nor-naiz
1001,NorkZer?!,,2015,Hernani (Gipuzkoa),['Hardcorea'],https://www.badok.eus/euskal-musika/norkzer
1004,Norton Klub,,,,['[]'],https://www.badok.eus/euskal-musika/norton-klub
1005,Norzzone,,1974,Donostia,['Rapa'],https://www.badok.eus/euskal-musika/norzzone
1013,Occhi di Farfalla,"Occhi di Farfalla Miren Aranguren eta Hodei Estebanen proiektu akustiko gisa sortu zen, baina denborarekin laukote elektriko izatera eta rock doinuak lantzera pasa da.",2013,Zarautz (Gipuzkoa),"['Rocka', 'Post-punka']",https://www.badok.eus/euskal-musika/occhi-di-farfalla
1016,Odolkiak Ordainetan,,,Tafalla (Nafarroa),['Rock&rolla'],https://www.badok.eus/euskal-musika/odolkiak-ordainetan
1017,Oihaneko Zühainetan,,2017,,"['Folka', 'Herri', 'kanta', 'Rocka']",https://www.badok.eus/euskal-musika/oihaneko-zuhainetan
1018,Oihartzun,,1991,Baiona,['Metala'],https://www.badok.eus/euskal-musika/oihartzun
1019,Oinarriak,,1969,Bilbo,['Popa'],https://www.badok.eus/euskal-musika/oinarriak
1020,Oki Moki,"Paula Estevez eta Aritz Aranburu dira Oki Moki taldeko kideak. “Zelanda Berriko 80ko hamarkadako pop doinuen beharrezkotasuna, Kaliforniako idearioko atmosferak eta iberiar penintsulako punk txukunenetik edaten duten abestiak” egiten ditu, gaztelaniaz, ingelesez eta euskaraz.",2016,Getaria (Gipuzkoa),"['Popa', 'Punka', 'Punk-rocka']",https://www.badok.eus/euskal-musika/oki-moki
1028,On Benito,"Joseba Irazokik (ahotsa eta gitarra) eta Mikel Lertxundik (bateria) sorturiko blues eta rock&roll zikineko taldea izan zen On Benito. Bi disko grabatu zituen. Lehen diskoan Raul Garciak ere (Mugaldekoak) parte hartu zuen, eta bigarrena grabatzearekin batera Ibai Gogortza (Borrokan) batu zen taldera.",2007 - 2010,Bera (Nafarroa),"['Bluesa', 'Rocka']",https://www.badok.eus/euskal-musika/on-benito
1029,Onddo,,2000 - 2002,Bera (Nafarroa),['Pop-rocka'],https://www.badok.eus/euskal-musika/onddo
1031,Onintza Rojas,,1991,Donostia,['Kantautorea'],https://www.badok.eus/euskal-musika/onintza-rojas
1033,Orbain Unit,,2016,"Azkoitia (Gipuzkoa), Bilbo","['Esperimentala', 'Noise-Rocka']",https://www.badok.eus/euskal-musika/orbain-unit
1042,Osto eta Ale,"Jon Ostolazak eta Alejandro Irizarrek osatutako bikoteak soinu txikia eta dultzaina elkarlanean jartzen ditu. Aspaldian ohikoa zen bi tresna horien arteko konbinaketa galtzen joan da urteen poderioz, baina Ostok eta Alek berreskuratu dute bere lehen diskoan.",,,['Trikitia'],https://www.badok.eus/euskal-musika/osto-eta-ale
1044,Otuz,,2014,Galdakao (Bizkaia),"['Hardcorea', 'Punk-rocka']",https://www.badok.eus/euskal-musika/otuz
1046,Oxabi,"2006. urtean sortu zuten Oxabi erromeria taldea, Jon Eguskiza, Aritz Uriarte eta Jon Gomez musikari eta lagun galdakoztarrek. Herrian eta inguruetako jai-giroan erromeria euskaldun eta gazte baten falta sumatzen zuten. Halaxe ekin zioten ibilbideari, eta hortik gutxira, Urtzi Enrikez eta Asier Balentzia proiektura batu ziren. Argazkia: Gaizka Peñafiel",2006,"Galdakao, Gernika-Lumo (Bizkaia)",['Plaza'],https://www.badok.eus/euskal-musika/oxabi
1048,Paddy Rekalde & Itsua,,2016,,['Elektronikoa'],https://www.badok.eus/euskal-musika/paddy-rekalde-itsua
1049,Panda Valium,,,,['Elektronikoa'],https://www.badok.eus/euskal-musika/panda-valium
1050,Pantxika Solorzano eta Xano,,2013,,"['Popa', 'Elektronikoa']",https://www.badok.eus/euskal-musika/pantxika-solorzano-eta-xano
1052,Pantxix Bidart-Alexis Therain,,,,"['Folka', 'Herri', 'kanta']",https://www.badok.eus/euskal-musika/pantxix-bidart-alexis-therain
1055,Pariak Bai,,2000,,"['Folka', 'Bluesa', 'Rocka']",https://www.badok.eus/euskal-musika/pariak-bai
1058,Patrice Dumora 'Watson',,1956,,"['Folka', 'Pop-rocka']",https://www.badok.eus/euskal-musika/patrice-dumora-watson
1059,Patrol Destroyers,,,,"['Rapa', 'Elektronikoa']",https://www.badok.eus/euskal-musika/patrol-destroyers
1060,Patta ta Sendaezinak,,,Azkoitia (Gipuzkoa),['Pop-rocka'],https://www.badok.eus/euskal-musika/patta-ta-sendaezinak
1062,Patxi Saiz,,1965,Getaria (Gipuzkoa),['Kantautorea'],https://www.badok.eus/euskal-musika/patxi-saiz
1067,Paxo,,,,['Popa'],https://www.badok.eus/euskal-musika/paxo
1068,Pecozza United,,2014 - 2018,Irun (Gipuzkoa),['Punk-rocka'],https://www.badok.eus/euskal-musika/pecozza-united
1069,Peio eta Itsua,"Itsua hip hop ekoizleak eta Peio Azkarate abeslariak sorturiko rap alternatiboko proiektua da. Boom bap erritmo berritzaileak sortzeko helburua abiapuntu izanda, Itsuaren biniloetako lagin zikinak eta Peioren letra bizkor eta mezudunak konbinatzen ditu. Gehiegikeria polizialak, barne gudak eta hainbat gai jorratzen ditu bombo eta kaxa gogorren bitartez.",2019,Durango (Bizkaia),['Rapa'],https://www.badok.eus/euskal-musika/peio-eta-itsua
1072,Peiremans +,,2005 - 2016,,['Pop-rocka'],https://www.badok.eus/euskal-musika/peiremans
1074,Pelax eta Telmo Trenor,,2016,Donostia,"['Rocka', 'Elektronikoa']",https://www.badok.eus/euskal-musika/pelax-eta-telmo-trenor
1075,Peputz,,,"Hernani, Lekeitio",['[]'],https://www.badok.eus/euskal-musika/peputz
1082,Peyo Labeguerie,,,,"['Herri', 'kanta']",https://www.badok.eus/euskal-musika/peyo-labeguerie
1086,Pikowsky,,,Bilbo,['[]'],https://www.badok.eus/euskal-musika/pikowsky
1087,Pil Pil,,,,"['Herri', 'kanta']",https://www.badok.eus/euskal-musika/pil-pil
1088,"Pirritx, Porrotx eta Marimotots","Pirritx, Porrotx eta Marimotots Aiora Zulaika, Joxe Mari Agirretxe eta Mertxe Rodriguez aktoreek osaturiko pailazo hirukotea da. 1987ko abenduaren 24an sortu zen, Lasarte-Orian (Gipuzkoa). Hainbat disko argitaratu dituzte ordutik.",1987,,['[]'],https://www.badok.eus/euskal-musika/pirritx-porrotx-eta-marimotots
1089,Pixontxis,,2008,Elorrio (Bizkaia),['Punk-rocka'],https://www.badok.eus/euskal-musika/pixontxis
1094,Pornox,,,Lekeitio (Bizkaia),['Metala'],https://www.badok.eus/euskal-musika/pornox
1095,Positive Hardcore,"Naia Burukoa baionarrak eta Lea Marie Uria argentinarrak Berlinen elkar ezagutu zuten, eta berehala musika elkarrekin egiteko aukeraz hitz egin zuten. Une hartan bere euskal arbasoen historia berreraikitzeko saiakera egiten ari zen Uria eta Positive Hardcore electro-experimental bikotea sortu zuten. Queer nortasunaz, trans generoaz edota naturaz mintzo dira haien kantuak.",,Berlin,"['Elektronikoa', 'Industriala']",https://www.badok.eus/euskal-musika/positive-hardcore
1096,Postal Kolekzionistak,,2018,Tolosa (Gipuzkoa),['Popa'],https://www.badok.eus/euskal-musika/postal-kolekzionistak
1100,Potx eta Lotx,"Potx eta Lotx, Algaraz elkartearen barruan, Josu Zubiak, Itziar Arkauzek, Danel Teranek eta Ander Murillok osatzen duten pailazo taldea da.",2011,,['[]'],https://www.badok.eus/euskal-musika/potx-eta-lotx
1103,Radio Revolución,,2003,,"['Rocka', 'Reggaea', 'Ska']",https://www.badok.eus/euskal-musika/radio-revolucion
1105,Raitx,"Rakel Arenaza Acedo da Raitx. Momentu oso pertsonaletan sortutako poesiak musikatuz, kanta intimistak konposatzen ditu, letrak eta ahotsak protagonista bihurtuz. Esti Berazarekin (Koban) eta Xalba Ramirezekin (Koban, Physis versus Nomos) batera proiektua osatu dute 2019an, erritmo kutxa batekin lagunduta, soinu analogiko zein elektronikoak nahastuz. Taldearen lehen lanak pop elektroniko intimistako sei pieza batzen ditu, bakardadearen, elkar zaintzaren eta nork bere lekua topatzearen gaineko istorio bat kontatuz.",1991,Donostia,"['Popa', 'Elektronikoa']",https://www.badok.eus/euskal-musika/raitx
1108,Rig3l,"Joni Rig3l bakarlariak rock eta punk estiloak influentzia urbanoekin nahasten ditu; hip-hop eta trap estiloekin, hain zuzen.",2020,,"['Rocka', 'Elektronikoa']",https://www.badok.eus/euskal-musika/rig3l
1113,RS Faktor,,,,['Jazza'],https://www.badok.eus/euskal-musika/rs-faktor
1121,Saia Goait,"Mutrikun sortutako laukotea da Saia Goait. Talde ezberdinetan jardundako taldekideak (Keike, Kraussk, Karenka) entsegu lokaletan batu ostean, zuzeneko bizi eta zuzenak eskaintzeko prest dator oholtza gainera. Stoner-rock eta hard-rockaren zurrunbiloan ahots melodiko eta guturalak gailentzen dira. Erne dagoen putrea da Saia Goait, hegaldia noiz hartuko zain.",2017,Mutriku (Gipuzkoa),['Rocka'],https://www.badok.eus/euskal-musika/saia-goait
1133,Saz Le Bolo,,1985 - 1989,Oñati (Gipuzkoa),['Popa'],https://www.badok.eus/euskal-musika/saz-le-bolo
1134,Sega Sound Killers,,2017,Pasaia (Gipuzkoa),"['Metala', 'Rocka', 'Elektronikoa']",https://www.badok.eus/euskal-musika/sega-sound-killers
1140,Sendabelarrak,,,"Irun, Errenteria (Gipuzkoa)",['[]'],https://www.badok.eus/euskal-musika/sendabelarrak
1141,Sentimen Beltza,,2004,Amurrio (Araba),"['Black', 'Metala']",https://www.badok.eus/euskal-musika/sentimen-beltza
1143,Serious Business,,2015,Zarautz (Gipuzkoa),"['Bluesa', 'Rocka']",https://www.badok.eus/euskal-musika/serious-business
1148,SigeruBan & Pula Gzon,,,Bilbo,['Rapa'],https://www.badok.eus/euskal-musika/sigeruban-pula-gzon
1154,Skarmentu,,,,['Ska'],https://www.badok.eus/euskal-musika/skarmentu
1159,Sofokaos,,2012,Antsoain (Nafarroa),['Punk-rocka'],https://www.badok.eus/euskal-musika/sofokaos
1163,Sonic Trash,,2012,Bilbo,['Rocka'],https://www.badok.eus/euskal-musika/sonic-trash
1164,Sorkari, ,2017,Iruñerria,"['Hardcorea', 'Rocka', 'Stonerra']",https://www.badok.eus/euskal-musika/sorkari
1166,Soroak laukoa,,,,['[]'],https://www.badok.eus/euskal-musika/soroak-laukoa
1170,Stai Zitto,,2013,Ermua (Bizkaia),"['Rocka', 'Reggaea', 'Ska', 'Runba']",https://www.badok.eus/euskal-musika/stai-zitto
1172,StarBlues,,2010,Ordizia (Gipuzkoa),['Bluesa'],https://www.badok.eus/euskal-musika/starblues
1175,Streetwise,,2017,Iruñea,['Punk-Oi!'],https://www.badok.eus/euskal-musika/streetwise
1182,Suaia eta Lahaine,,2015,,"['Rapa', 'Reggaea']",https://www.badok.eus/euskal-musika/suhaia-eta-lahaine
1183,Subsistak and The Aggromondarrak,,,Nafarroa,"['Reggaea', 'Ska']",https://www.badok.eus/euskal-musika/subsistak-and-the-aggromondarrak
1188,Sustraia,,1992 - 2009,,"['Rocka', 'Ska']",https://www.badok.eus/euskal-musika/sustraia
1189,Sustraian Records,,,,"['Reggaea', 'Ska', 'Soula']",https://www.badok.eus/euskal-musika/sustraian-records
1192,Tadusak,,,,['Folka'],https://www.badok.eus/euskal-musika/tadusak
